player_id,first_name,last_name,country_code,current_rank
110602,Dennis,Novak,AUT,98
104467,Lamine,Ouahab,ALG,649
104468,Gilles,Simon,FRA,64
206909,Brandon,Nakashima,USA,170
104527,Stanislas,Wawrinka,SUI,18
104542,Jo Wilfried,Tsonga,FRA,60
110686,Finn,Tearney,NZL,1043
104545,John,Isner,USA,25
104586,Lukas,Rosol,CZE,196
110748,Nikola,Milojevic,SRB,138
127143,Jirat,Navasirisomboon,THA,1590
127157,Daniel,Altmaier,GER,130
209080,Blaise,Bicknell,USA,1362
108739,Wilfredo,Gonzalez,GUA,1123
104655,Pablo,Cuevas,URU,68
104656,Haydn,Lewis,BAR,-1
104660,Sergiy,Stakhovsky,UKR,201
104665,Pablo,Andujar,ESP,59
108763,Alberto Emmanuel,Alvarado Larin,ESA,-1
209119,Aissa,Benchakroun,MAR,1723
108772,Julius,Tverijonas,LTU,832
104678,Viktor,Troicki,SRB,202
104731,Kevin,Anderson,RSA,82
100644,Alexander,Zverev,GER,7
104745,Rafael,Nadal,ESP,2
104755,Richard,Gasquet,FRA,47
133430,Denis,Shapovalov,CAN,12
209225,Martin Antonio,Vergara Del Puerto,PAR,-1
209226,Adolfo Daniel,Vallejo,PAR,-1
104792,Gael,Monfils,FRA,11
104797,Denis,Istomin,UZB,183
127326,Ben,Fatael,ISR,580
127339,Borna,Gojo,CRO,223
104871,Jeremy,Chardy,FRA,72
104882,Blaz,Kavcic,SLO,272
104898,Robin,Haase,NED,198
104901,Vladimir,Ivanov,EST,713
104907,Jose Rubin,Statham,NZL,-1
104918,Andy,Murray,GBR,123
104919,Leonardo,Mayer,ARG,135
104925,Novak,Djokovic,SRB,1
104926,Fabio,Fognini,ITA,17
104999,Mischa,Zverev,GER,264
207401,Sheil,Kotecha,KEN,1423
111153,Christopher,Eubanks,USA,235
105011,Illya,Marchenko,UKR,215
105023,Sam,Querrey,USA,56
105030,Michael,Venus,NZL,-1
105053,Santiago,Giraldo,COL,318
111200,Elias,Ymer,SWE,204
105062,Mikhail,Kukushkin,KAZ,89
117356,Cem,Ilkel,TUR,219
117360,Marc,Polmans,AUS,124
105074,Ruben,Bemelmans,BEL,225
105077,Albert,Ramos,ESP,45
207518,Lorenzo,Musetti,ITA,129
105138,Roberto,Bautista Agut,ESP,13
105147,Tatsuma,Ito,JPN,189
105155,Pedro,Sousa,POR,106
105156,Federico,Zeballos,BOL,573
105173,Adrian,Mannarino,FRA,34
207608,Timofey,Skatov,RUS,445
105208,Ernests,Gulbis,LAT,185
105216,Yuichi,Sugita,JPN,102
105226,Attila,Balazs,HUN,93
105227,Marin,Cilic,CRO,43
207669,Robert,Strombachs,GER,668
207680,Facundo,Diaz Acosta,ARG,401
111442,Jordan,Thompson,AUS,51
133975,Benjamin,Hassan,GER,371
133979,Hasan,Ibrahim,GER,1549
111453,Mikael,Torpegaard,DEN,192
105311,Joao,Sousa,POR,92
111456,Mackenzie,Mcdonald,USA,194
111459,Arjun,Kadhe,IND,662
111460,Quentin,Halys,FRA,206
125802,Ilya,Ivashka,BLR,108
123755,Daniel Elahi,Galan Riveros,COL,115
131951,Daniel,Cukierman,ISR,788
105332,Benoit,Paire,FRA,28
105334,Luis David,Martinez,VEN,-1
207738,Brandon,Perez,VEN,1723
105341,Thomas,Fabbiano,ITA,173
205695,Ching,Lam,HKG,-1
105349,Harri,Heliovaara,FIN,636
105357,John,Millman,AUS,38
105359,Jason,Jung,TPE,132
111505,Enzo,Couacaud,FRA,211
125842,Adam,Moundir,SUI,497
123795,Altug,Celikbilek,TUR,309
111511,Noah,Rubin,USA,251
111513,Laslo,Djere,SRB,55
111515,Thai Son,Kwiatkowski,USA,213
105373,Martin,Klizan,SVK,152
105376,Peter,Gojowczyk,GER,146
105379,Aljaz,Bedene,SLO,58
103333,Ivo,Karlovic,CRO,148
205734,Thiago,Seyboth Wild,BRA,117
207797,Jonas,Forejtek,CZE,364
105406,Roberto,Marcora,ITA,180
105413,Andrej,Martin,SVK,100
209866,Karlis,Ozolins,LVA,1073
209867,Daniil,Ostapenkov,BLR,-1
209868,Kaipo,Marshall,BAR,-1
209869,Rodrigo,Crespo Piedra,CRC,-1
209870,Gunawan,Trismuwantara,INA,-1
209871,Amr Elsayed Abdou Ahmed,Mohamed,EGY,-1
209872,Thehan Sanjaya,Wijemanne,SRI,-1
209873,Eric Jr.,Olivarez,PHI,-1
209874,Maks,Kasnikowski,POL,-1
207830,Tomas,Machac,CZE,197
105430,Radu,Albot,MDA,85
111575,Karen,Khachanov,RUS,20
105432,Prajnesh,Gunneswaran,IND,128
105434,Ruan,Roelofse,RSA,640
111576,Sumit,Nagal,IND,137
111578,Stefan,Kozlov,USA,374
111581,Michael,Mmoh,USA,174
105441,John Patrick,Smith,AUS,314
105449,Steve,Johnson,USA,73
207852,Wai Yu,Kai,HKG,-1
105453,Kei,Nishikori,JPN,41
105464,Christopher,Rungkat,INA,-1
105467,Jordi,Munoz Abreu,VEN,1266
105477,Marco,Trungelliti,ARG,243
105487,Facundo,Bagnis,ARG,125
105497,Jose,Hernandez,DOM,316
128034,Hubert,Hurkacz,POL,35
105526,Jan Lennard,Struff,GER,37
105539,Evgeny,Donskoy,RUS,122
103499,Aqeel,Khan,PAK,-1
105550,Guido,Pella,ARG,44
105554,Daniel,Evans,GBR,32
105575,Ricardas,Berankis,LTU,69
105577,Vasek,Pospisil,CAN,61
103529,Aisam Ul Haq,Qureshi,PAK,-1
124014,Ernesto,Escobedo,USA,199
105583,Dusan,Lajovic,SRB,26
207989,Carlos,Alcaraz Garfia,ESP,141
208004,Harold,Mayot,FRA,431
103565,Stephane,Robert,FRA,900
126094,Andrey,Rublev,RUS,8
105613,Norbert,Gombos,SVK,88
105614,Bradley,Klahn,USA,149
111761,Benjamin,Lock,ZIM,439
208029,Holger Vitus Nodskov,Rune,DEN,474
105633,Mohamed,Safwat,EGY,153
126120,Nino,Serdarusic,CRO,292
105643,Federico,Delbonis,ARG,77
109739,Maximilian,Marterer,GER,209
126125,Maxime,Janvier,FRA,210
111790,Brayden,Schnur,CAN,207
124079,Pedro,Martinez Portero,ESP,86
126127,Benjamin,Bonzi,FRA,164
105649,Cedrik Marcel,Stebe,GER,126
111794,Kamil,Majchrzak,POL,107
126128,Roman,Safiullin,RUS,181
208043,Ismael Changawa Ruwa,Mzai,KEN,-1
111797,Nicolas,Jarry,CHI,-1
208055,Ajeet,Rai,NZL,951
105656,Marcelo,Arevalo,ESA,447
132283,Lorenzo,Sonego,ITA,33
105668,Jerzy,Janowicz,POL,503
126149,Gianluca,Mager,ITA,101
111815,Cameron,Norrie,GBR,74
105676,David,Goffin,BEL,16
126156,Antonie,Hoang,FRA,121
105683,Milos,Raonic,CAN,14
124116,Sebastian,Ofner,AUT,159
105688,Manuel,Sanchez,MEX,854
122078,Dmitry,Popko,KAZ,165
208108,Brian,Shi,USA,-1
126190,Nicolas,Alvarez,PER,343
136440,Dominik,Koepfer,GER,66
124154,Sasi Kumar,Mukund,IND,300
126203,Taylor Harry,Fritz,USA,29
126204,Gerardo,Lopez Villasenor,MEX,552
126205,Tommy,Paul,USA,52
105723,Andrey,Kuznetsov,RUS,517
126207,Francis,Tiafoe,USA,62
122109,Sanjar,Fayziev,UZB,511
144642,Marcelo Tomas,Barrios Vera,CHI,254
105731,Steven,Diez,CAN,177
105732,Pierre Hugues,Herbert,FRA,83
126214,Alejandro,Tabilo,CHI,167
208134,Luca,Nardi,ITA,790
105747,Karim Mohamed,Maamoun,EGY,390
132374,Jesse,Flores,CAN,1050
124187,Reilly,Opelka,USA,39
105757,Sandro,Ehrat,SUI,376
126239,Arthur,Rinderknech,FRA,178
144687,Quinton,Vega,USA,-1
105777,Grigor,Dimitrov,BUL,19
200000,Felix,Auger Aliassime,CAN,21
144707,Mikael,Ymer,SWE,94
200005,Ugo,Humbert,FRA,31
105806,Mirza,Basic,BIH,329
105807,Pablo,Carreno Busta,ESP,15
144719,Jaume,Munar,ESP,109
202065,Petros,Tsitsipas,GRE,960
105812,David,Agung Susanto,INA,1385
105815,Tennys,Sandgren,USA,50
206173,Jannik,Sinner,ITA,36
105827,Laurynas,Grigelis,LTU,424
202090,Adrian,Andreev,BUL,564
144750,Lloyd George Muirhead,Harris,RSA,90
105841,Lorenzo,Giustino,ITA,151
202103,Francisco,Cerundolo,ARG,139
206199,Kevin,Cheruiyot,KEN,1803
126340,Viktor,Durasovic,NOR,340
144775,Linh Giang,Trinh,VIE,-1
202120,Rowland,Phillips,JAM,1439
103819,Roger,Federer,SUI,5
105870,Yannick,Hanfmann,GER,99
105877,Emilio,Gomez,ECU,160
105882,Stefano,Travaglia,ITA,75
105899,Martin,Cuevas,URU,488
103852,Feliciano,Lopez,ESP,63
105902,James,Duckworth,AUS,103
105905,Danilo,Petrovic,SRB,144
144817,Marc Andrea,Huesler,SUI,147
202165,Alberto,Lim,PHI,-1
144826,Aziz,Dougaz,TUN,377
105916,Marton,Fucsovics,HUN,54
105932,Nikoloz,Basilashvili,GEO,40
105933,Roberto,Quiroz,ECU,293
105936,Filip,Krajinovic,SRB,30
202195,Maxime,Cressy,FRA,168
103893,Paolo,Lorenzi,ITA,145
105943,Federico,Gaio,ITA,136
122330,Alexander,Bublik,KAZ,49
105948,Federico,Coria,ARG,91
105952,Renzo,Olivo,ARG,212
208364,Franco,Roncadelli,URU,-1
200175,Miomir,Kecmanovic,SRB,42
105967,Henri,Laaksonen,SUI,133
200181,Amer,Naow,SYR,-1
144895,Corentin,Moutet,FRA,80
105985,Darian,King,BAR,288
202246,Nikoloz,Davlianidze,GEO,-1
105992,Ryan,Harrison,USA,481
106000,Damir,Dzumhur,BIH,118
202261,Otto,Virtanen,FIN,611
200221,Alejandro,Davidovich Fokina,ESP,53
144932,Kristjan,Tamm,EST,626
126504,Andrea,Pellegrino,ITA,278
106034,Yasutaka,Uchiyama,JPN,104
200247,Alexandar,Lazarov,BUL,544
200250,Mehluli Don Ayanda,Sibanda,ZIM,780
106043,Diego Sebastian,Schwartzman,ARG,9
202300,Phuong Van,Nguyen,VIE,-1
106045,Denis,Kudla,USA,114
126535,Carlos,Taberner,ESP,142
200265,Ulises,Blanch,USA,246
106058,Jack,Sock,USA,255
200267,Zizou,Bergs,BEL,436
106065,Marco,Cecchinato,ITA,79
106071,Bernard,Tomic,AUS,228
200282,Alex,De Minaur,AUS,23
106075,Jozef,Kovalik,SVK,131
126555,Tung Lin,Wu,TPE,247
106078,Egor,Gerasimov,BLR,78
120424,Yannick,Maden,GER,171
200303,Pavel,Kotov,RUS,269
134770,Casper,Ruud,NOR,27
106099,Salvatore,Caruso,ITA,76
202358,Chun Hsin,Tseng,TPE,280
145016,Julian,Saborio,CRC,-1
106109,Alex,Bolt,AUS,172
106110,Filip,Horansky,SVK,184
200325,Emil,Ruusuvuori,FIN,87
208518,Hazem,Naw,UNK,-1
106121,Taro,Daniel,JPN,116
200335,Felipe,Meligeni Rodrigues Alves,BRA,230
126609,Patrik,Niklas Salminen,FIN,438
126610,Matteo,Berrettini,ITA,10
126612,Alexander,Cozbinov,MDA,766
106148,Roberto,Carballes Baena,ESP,96
122533,Nam Hoang,Ly,VIE,707
106150,Jeson,Patrombon,PHI,1465
122548,Edan,Leshem,ISR,373
200384,Hugo,Gaston,FRA,161
200390,Kacper,Zuk,POL,262
126663,Juan Pablo,Ficovich,ARG,205
134868,Tallon,Griekspoor,NED,155
106198,Hugo,Dellien,BOL,111
202462,Yasitha,De Silva,SRI,-1
106210,Jiri,Vesely,CZE,67
106214,Oscar,Otte,GER,140
134886,Sharmal,Dissanayake,SRI,-1
106218,Marcos,Giron,USA,70
106220,Dimitar,Kuzmanov,BUL,298
106223,Aleksandre,Metreveli,GEO,595
106228,Juan Ignacio,Londero,ARG,81
106232,Roberto,Cid,DOM,231
106233,Dominic,Thiem,AUT,3
106234,Aslan,Karatsev,RUS,112
106247,Nik,Razborsek,SLO,734
206600,Zura,Tkemaladze,GEO,-1
106249,Joao,Domingues,POR,179
104229,Yen Hsun,Lu,TPE,1008
106281,Liam,Broady,GBR,187
104233,Frederik,Nielsen,DEN,-1
106283,Mitchell,Krueger,USA,190
122669,Juan Pablo,Varillas Patino Samudio,PER,158
106293,Kimmer,Coppejans,BEL,175
126774,Stefanos,Tsitsipas,GRE,6
106296,Gregoire,Barrere,FRA,110
106302,Andrew,Harris,AUS,232
200514,Jurij,Rodionov,AUT,143
104259,Philipp,Kohlschreiber,GER,97
132932,Franz,Luna Lavidalie,GUA,-1
104269,Fernando,Verdasco,ESP,65
106329,Thiago,Monteiro,BRA,84
106331,Christopher,Oconnell,AUS,120
104291,Malek,Jaziri,TUN,249
104312,Andreas,Seppi,ITA,105
206716,Lukas,Hellum Lilleengen,NOR,1445
126845,Max,Purcell,AUS,238
126846,Aleksandar,Vukic,AUS,195
200574,Alexander,Donski,CAN,594
106368,Ramkumar,Ramanathan,IND,188
104327,Steve,Darcis,BEL,273
106378,Kyle,Edmund,GBR,48
106388,Pak Long,Yeung,HKG,966
106393,Frederico,Ferreira Silva,POR,182
133018,Michail,Pervolarakis,CYP,458
206748,Giulio,Zeppieri,ITA,328
106397,Wishaya,Trongcharoenchaikul,THA,644
206750,Daniil,Glinka,EST,846
106398,Pedro,Cachin,ARG,370
106401,Nick,Kyrgios,AUS,46
200611,Elliot,Benchetrit,FRA,221
200615,Alexei,Popyrin,AUS,113
106408,Mario,Vilella Martinez,ESP,186
200620,Ignacio,Garcia,PUR,-1
106415,Yoshihito,Nishioka,JPN,57
200624,Sebastian,Korda,USA,119
106421,Daniil,Medvedev,RUS,4
106426,Christian,Garin,CHI,22
106432,Borna,Coric,CRO,24
200670,Jeffrey John,Wolf,USA,127
104424,Go,Soeda,JPN,134
126952,Soon Woo,Kwon,KOR,95
126964,Vitaliy,Sachko,UKR,398
